1;Название статьи;;;Индустриальная политика: Сотрудничество России и Белоруссии.;;;;;;;;;;
;Автор;Сухарев;;;Тематика;Экономическая политика;;;;;;;;
;Вайсблат;0.000485097;7;p://www.hse.ru/org/persons/201761;экономика;0.001862653;10;;;;Author;Category;Author;Category
;Романова;0.000373888;1;p://www.hse.ru/org/persons/34959567;рынок;0.001047657;8;;;MIN;0.000205284;0.000254285;29%;12%
;Захаров;0.000360628;7;p://www.hse.ru/org/persons/445221;развитие;0.00101605;7;;;MAX;0.000697235;0.002127636;100%;100%
;Ковтун;0.000346448;3;p://www.hse.ru/org/persons/140380;право;0.000965812;2;;;;;;;
;Панченко;0.000338008;1;p://www.hse.ru/org/persons/201866;риск-менеджмент;0.000808546;1;;Среднее;3.77;3.013333333;;;
;Кирюшин;0.000276673;10;p://www.hse.ru/org/persons/10633269;пособие;0.00065332;1;;;;;;;
;Удалова;0.000267632;5;p://www.hse.ru/org/persons/36170051;образование;0.000572658;1;;;;;;;
;Гапонова;0.000259999;10;p://www.hse.ru/org/persons/24955025;управление;0.000523675;8;;;;;;;
;Лапидус;0.000239081;7;p://www.hse.ru/org/persons/201704;персонал;0.00030175;1;;;;;;;
;Миркин;0.000214329;5;p://www.hse.ru/org/persons/3954058;политика;0.000298907;7;;;;;;;
;;;;;;;;;;;;;;
2;Название статьи;США vs Россия: Новая холодная война;;;;;;;;;;;;
;Автор;Дашичев;;;Тематика;Политика/Внешняя политика;;;;;;;;
;Вайсблат;0.000607241;5;p://www.hse.ru/org/persons/201761;экономика;0.00175925;7;;;;;;;
;Панченко;0.000500259;1;p://www.hse.ru/org/persons/201866;право;0.001447524;8;;;;;;;
;Романова;0.000422213;1;p://www.hse.ru/org/persons/34959567;развитие;0.001005046;7;;;;;;;
;Захаров;0.000345993;3;p://www.hse.ru/org/persons/445221;рынок;0.000981799;6;;;;;;;
;Макарейко;0.000327289;8;p://www.hse.ru/org/persons/437342;риск-менеджмент;0.000660314;1;;;;;;;
;Ковтун;0.000326204;8;p://www.hse.ru/org/persons/140380;пособие;0.000533547;1;;;;;;;
;Михеева;0.000266331;8;p://www.hse.ru/org/persons/201844;образование;0.000494242;1;;;;;;;
;Голованова;0.00025472;5;p://www.hse.ru/org/persons/189995;управление;0.000399543;7;;;;;;;
;Тенилова;0.000243398;8;p://www.hse.ru/org/persons/13426671;перевод;0.000382181;1;;;;;;;
;Сибирцева;0.000237574;1;p://www.hse.ru/org/persons/201585;персонал;0.000371387;1;;;;;;;
;;;;;;;;;;;;;;
3;Название статьи;Корпоративное взаимодействие в целях модернизации. Россия ? Украина ? ЕС.;;;;;;;;;;;;
;Автор;Хейфец;;;Тематика;Международная политика/Экономика/Менеджмент;;;;;;;;
;Романова;0.000414017;1;p://www.hse.ru/org/persons/34959567;экономика;0.00170119;8;;;;;;;
;Вайсблат;0.000389479;7;p://www.hse.ru/org/persons/201761;право;0.001109454;5;;;;;;;
;Захаров;0.000366442;7;p://www.hse.ru/org/persons/445221;рынок;0.001000366;8;;;;;;;
;Ковтун;0.000366229;7;p://www.hse.ru/org/persons/140380;развитие;0.000943325;6;;;;;;;
;Панченко;0.000360753;1;p://www.hse.ru/org/persons/201866;риск-менеджмент;0.000821537;1;;;;;;;
;Кирюшин;0.000266034;8;p://www.hse.ru/org/persons/10633269;пособие;0.000663818;1;;;;;;;
;Удалова;0.00026233;8;p://www.hse.ru/org/persons/36170051;образование;0.000610177;1;;;;;;;
;Гапонова;0.000233597;7;p://www.hse.ru/org/persons/24955025;управление;0.000440544;7;;;;;;;
;Макарейко;0.000225488;5;p://www.hse.ru/org/persons/437342;язык;0.000285787;1;;;;;;;
;Михеева;0.000212224;5;p://www.hse.ru/org/persons/201844;персонал;0.000284617;1;;;;;;;
;;;;;;;;;;;;;;
4;Название статьи;Смена парадигмы мирового развития и становление сетевой экономики;;;;;;;;;;;;
;Автор;Смородинская;;Экономика;Оценка;Место в списке;;;;;;;;
;Романова;0.000424099;1;p://www.hse.ru/org/persons/34959567;экономика;0.001348204;10;;;;;;;
;Панченко;0.000403817;1;p://www.hse.ru/org/persons/201866;право;0.001223942;3;;;;;;;
;Ковтун;0.000383669;3;p://www.hse.ru/org/persons/140380;рынок;0.000708383;7;;;;;;;
;Вайсблат;0.000365736;7;p://www.hse.ru/org/persons/201761;развитие;0.000682455;8;;;;;;;
;Захаров;0.000358393;8;p://www.hse.ru/org/persons/445221;управление;0.00061793;8;;;;;;;
;Гапонова;0.000281652;8;p://www.hse.ru/org/persons/24955025;риск-менеджмент;0.000555102;1;;;;;;;
;Миркин;0.00027032;1;p://www.hse.ru/org/persons/3954058;пособие;0.000448533;1;;;;;;;
;Лапидус;0.000254989;7;p://www.hse.ru/org/persons/201704;образование;0.000418155;1;;;;;;;
;Макарейко;0.00025131;6;p://www.hse.ru/org/persons/437342;бизнес-процесс;0.000319347;1;;;;;;;
;Кирюшин;0.00023159;8;p://www.hse.ru/org/persons/10633269;перевод;0.000311101;1;;;;;;;
;;;;;;;;;;;;;;
5;Название статьи;Программа социальных преобразований капиталистического общества Э. Фромма;;;;;;;;;;;;
;Автор;Кишлакова;;Тематика;Философия/Социология/Экономика;;;;;;;;;
;Панченко;0.000587027;3;p://www.hse.ru/org/persons/201866;право;0.002014172;7;;;;;;;
;Романова;0.00052048;3;p://www.hse.ru/org/persons/34959567;экономика;0.001186489;7;;;;;;;
;Вайсблат;0.000481004;7;p://www.hse.ru/org/persons/201761;развитие;0.000880395;7;;;;;;;
;Ковтун;0.000441559;5;p://www.hse.ru/org/persons/140380;рынок;0.000813672;7;;;;;;;
;Макарейко;0.000430318;5;p://www.hse.ru/org/persons/437342;литература;0.000543415;1;;;;;;;
;Сибирцева;0.000358526;6;p://www.hse.ru/org/persons/201585;управление;0.00049204;6;;;;;;;
;Михеева;0.000305676;5;p://www.hse.ru/org/persons/201844;перевод;0.00048463;1;;;;;;;
;Тенилова;0.000270562;7;p://www.hse.ru/org/persons/13426671;свобода;0.000481967;2;;;;;;;
;Захаров;0.000258555;7;p://www.hse.ru/org/persons/445221;риск-менеджмент;0.000459805;1;;;;;;;
;Жужома;0.000255683;1;p://www.hse.ru/org/persons/46579220;модальность;0.000423506;1;;;;;;;
;;;;;;;;;;;;;;
6;Название статьи;Логико-философские проблемы в художественной литературе (на примере романа М. Булгакова ?Мастер и Маргарита?);;;;;;;;;;;;
;Автор;Ярощук;;Тематика;;;;;;;;;;
;Романова;0.00061035;10;p://www.hse.ru/org/persons/34959567;право;0.001690857;1;;;;;;;
;Панченко;0.000522098;7;p://www.hse.ru/org/persons/201866;экономика;0.000899077;1;;;;;;;
;Ковтун;0.000435054;5;p://www.hse.ru/org/persons/140380;перевод;0.000510332;3;;;;;;;
;Макарейко;0.000373856;1;p://www.hse.ru/org/persons/437342;литература;0.000500597;10;;;;;;;
;Сибирцева;0.000339299;10;p://www.hse.ru/org/persons/201585;свобода;0.000443991;1;;;;;;;
;Вайсблат;0.000338029;1;p://www.hse.ru/org/persons/201761;управление;0.000421558;1;;;;;;;
;Михеева;0.000285275;3;p://www.hse.ru/org/persons/201844;рынок;0.000402238;1;;;;;;;
;Тенилова;0.000281307;1;p://www.hse.ru/org/persons/13426671;развитие;0.000395301;1;;;;;;;
;Захаров;0.000271938;1;p://www.hse.ru/org/persons/445221;модальность;0.000390137;5;;;;;;;
;Цветкова;0.000263146;10;p://www.hse.ru/org/persons/35038112;текст;0.000385887;9;;;;;;;
;;;;;;;;;;;;;;
7;Название статьи;Общероссийский народный фронт: сущность и перспективы;;;;;;;;;;;;
;Автор;Калиш. Назарова;;Тематика;Политика;;;;;;;;;
;Панченко;0.000541056;3;p://www.hse.ru/org/persons/201866;право;0.001598818;8;;;;;;;
;Романова;0.00049843;3;p://www.hse.ru/org/persons/34959567;экономика;0.001302322;2;;;;;;;
;Ковтун;0.000430611;8;p://www.hse.ru/org/persons/140380;рынок;0.000706842;1;;;;;;;
;Вайсблат;0.000351413;3;p://www.hse.ru/org/persons/201761;развитие;0.000687228;7;;;;;;;
;Макарейко;0.000335463;8;p://www.hse.ru/org/persons/437342;риск-менеджмент;0.000542365;1;;;;;;;
;Сибирцева;0.00027962;3;p://www.hse.ru/org/persons/201585;пособие;0.000438241;1;;;;;;;
;Михеева;0.000257366;8;p://www.hse.ru/org/persons/201844;образование;0.000431263;1;;;;;;;
;Гапонова;0.00025402;3;p://www.hse.ru/org/persons/24955025;литература;0.000400963;1;;;;;;;
;Захаров;0.000245269;3;p://www.hse.ru/org/persons/445221;перевод;0.000400879;1;;;;;;;
;Цветкова;0.000232883;6;p://www.hse.ru/org/persons/35038112;свобода;0.000355623;7;;;;;;;
;;;;;;;;;;;;;;
8;Название статьи;Суфизм ? гуманистическое течение в исламе;;;;;;;;;;;;
;Автор;Маматов;;Тематика;Религия/Философия;;;;;;;;;
;Романова;0.000535644;5;p://www.hse.ru/org/persons/34959567;право;0.001621305;4;;;;;;;
;Панченко;0.000495156;5;p://www.hse.ru/org/persons/201866;экономика;0.001199826;1;;;;;;;
;Вайсблат;0.000446342;3;p://www.hse.ru/org/persons/201761;развитие;0.000756066;1;;;;;;;
;Ковтун;0.000424526;7;p://www.hse.ru/org/persons/140380;рынок;0.000708888;1;;;;;;;
;Макарейко;0.000346487;3;p://www.hse.ru/org/persons/437342;управление;0.000465095;1;;;;;;;
;Захаров;0.000301086;3;p://www.hse.ru/org/persons/445221;риск-менеджмент;0.00042077;1;;;;;;;
;Сибирцева;0.000267841;5;p://www.hse.ru/org/persons/201585;литература;0.000386724;8;;;;;;;
;Тенилова;0.000262622;3;p://www.hse.ru/org/persons/13426671;перевод;0.000377657;3;;;;;;;
;Михеева;0.00024509;7;p://www.hse.ru/org/persons/201844;образование;0.000371242;3;;;;;;;
;Цветкова;0.000220834;8;p://www.hse.ru/org/persons/35038112;свобода;0.000342994;4;;;;;;;
;;;;;;;;;;;;;;
9;Название статьи;Роль Совета министров Северных стран в развитии Арктики;;;;;;;;;;;;
;Автор;Гжеля;;Тематика;Политика;;;;;;;;;
;Ковтун;0.000496036;8;p://www.hse.ru/org/persons/140380;право;0.001605256;8;;;;;;;
;Романова;0.000433787;5;p://www.hse.ru/org/persons/34959567;экономика;0.001181796;7;;;;;;;
;Панченко;0.000428456;5;p://www.hse.ru/org/persons/201866;развитие;0.000774652;7;;;;;;;
;Вайсблат;0.000414613;7;p://www.hse.ru/org/persons/201761;рынок;0.000759601;3;;;;;;;
;Миркин;0.000320583;1;p://www.hse.ru/org/persons/3954058;управление;0.000675045;7;;;;;;;
;Гапонова;0.000303298;7;p://www.hse.ru/org/persons/24955025;риск-менеджмент;0.000516283;1;;;;;;;
;Макарейко;0.000293696;7;p://www.hse.ru/org/persons/437342;пособие;0.000417166;1;;;;;;;
;Захаров;0.000293024;7;p://www.hse.ru/org/persons/445221;конференция;0.000408375;4;;;;;;;
;Сибирцева;0.000232414;3;p://www.hse.ru/org/persons/201585;образование;0.00036566;4;;;;;;;
;Михеева;0.000230138;9;p://www.hse.ru/org/persons/201844;бизнес-процесс;0.000350484;1;;;;;;;
;;;;;;;;;;;;;;
10;Название статьи;Развитие мотивации профессионального самоопределения студентов вуза;;;;;;;;;;;;
;Автор;Колесник. Орлова;;Тематика;Психология;;;;;;;;;
;Вайсблат;0.000502571;7;p://www.hse.ru/org/persons/201761;право;0.001593408;3;;;;;;;
;Ковтун;0.000486731;3;p://www.hse.ru/org/persons/140380;экономика;0.001040648;6;;;;;;;
;Романова;0.000432442;3;p://www.hse.ru/org/persons/34959567;развитие;0.000850004;7;;;;;;;
;Панченко;0.000414748;3;p://www.hse.ru/org/persons/201866;рынок;0.000744921;5;;;;;;;
;Захаров;0.000373316;7;p://www.hse.ru/org/persons/445221;управление;0.00063342;6;;;;;;;
;Баранова;0.000320074;3;p://www.hse.ru/org/persons/436953;персонал;0.000428339;3;;;;;;;
;Макарейко;0.000276699;3;p://www.hse.ru/org/persons/437342;политика;0.000424303;1;;;;;;;
;Гапонова;0.000275456;7;p://www.hse.ru/org/persons/24955025;текст;0.000388661;1;;;;;;;
;Чилипенок;0.000234793;9;p://www.hse.ru/org/persons/12719227;образ;0.00035756;1;;;;;;;
;Лошкарева;0.000227798;3;p://www.hse.ru/org/persons/201832;риск-менеджмент;0.000339893;1;;;;;;;
;;;;;;;;;;;;;;
11;Название статьи;Возникновение новых экономических терминов в английском языке в условиях мирового финансового кризиса;;;;;;;;;;;;
;Автор;Полунина;;Тематика;Лингвистика;;;;;;;;;
;Городнова;0.000697235;8;p://www.hse.ru/org/persons/6863353;язык;0.00097955;10;;;;;;;
;Романова;0.000458979;9;p://www.hse.ru/org/persons/34959567;экономика;0.000883808;3;;;;;;;
;Козырев;0.00043774;1;p://www.hse.ru/org/persons/391896;конференция;0.000869365;3;;;;;;;
;Галкина;0.000435842;1;p://www.hse.ru/org/persons/11119245;оценка;0.000755662;1;;;;;;;
;Панченко;0.000401991;7;p://www.hse.ru/org/persons/201866;право;0.000705656;1;;;;;;;
;Вайсблат;0.000380463;5;p://www.hse.ru/org/persons/201761;развитие;0.000392151;6;;;;;;;
;Макарова;0.000305325;5;p://www.hse.ru/org/persons/201921;рынок;0.000390324;3;;;;;;;
;Макарейко;0.000250822;5;p://www.hse.ru/org/persons/437342;управление;0.00034906;1;;;;;;;
;Ковтун;0.000248185;3;p://www.hse.ru/org/persons/140380;производство;0.000310965;1;;;;;;;
;Свиридова;0.00024273;7;p://www.hse.ru/org/persons/201758;промышленность;0.00028368;1;;;;;;;
;;;;;;;;;;;;;;
12;Название статьи;?Арабская весна? и глобальная международная система;;;;;;;;;;;;
;Автор;Наумкин;;Тематика;Политика;;;;;;;;;
;Романова;0.000477803;2;p://www.hse.ru/org/persons/34959567;право;0.001416284;10;;;;;;;
;Панченко;0.000476453;2;p://www.hse.ru/org/persons/201866;экономика;0.001409068;3;;;;;;;
;Вайсблат;0.000412515;4;p://www.hse.ru/org/persons/201761;рынок;0.000682841;5;;;;;;;
;Ковтун;0.000382662;10;p://www.hse.ru/org/persons/140380;развитие;0.000670382;2;;;;;;;
;Макарейко;0.000306301;10;p://www.hse.ru/org/persons/437342;риск-менеджмент;0.000511991;1;;;;;;;
;Захаров;0.000280763;2;p://www.hse.ru/org/persons/445221;пособие;0.000413699;1;;;;;;;
;Сибирцева;0.00027504;2;p://www.hse.ru/org/persons/201585;образование;0.000413114;4;;;;;;;
;Лапидус;0.000270107;5;p://www.hse.ru/org/persons/201704;перевод;0.000392989;1;;;;;;;
;Михеева;0.000259814;2;p://www.hse.ru/org/persons/201844;литература;0.000381601;1;;;;;;;
;Цветкова;0.000244486;6;p://www.hse.ru/org/persons/35038112;управление;0.000379999;5;;;;;;;
;;;;;;;;;;;;;;
13;Название статьи;Точные асимптотики винеровских интегралов типа Лапласа для Lp-функционалов;;;;;;;;;;;;
;Автор;Фаталов;;Тематика;Математика;;;;;;;;;
;Романова;0.000484605;1;p://www.hse.ru/org/persons/34959567;право;0.001260639;2;;;;;;;
;Вайсблат;0.000479923;3;p://www.hse.ru/org/persons/201761;экономика;0.001041656;2;;;;;;;
;Панченко;0.000460961;4;p://www.hse.ru/org/persons/201866;развитие;0.000554345;4;;;;;;;
;Ковтун;0.00033632;1;p://www.hse.ru/org/persons/140380;рынок;0.000542245;2;;;;;;;
;Лапидус;0.000328939;3;p://www.hse.ru/org/persons/201704;язык;0.000453209;2;;;;;;;
;Макарейко;0.000323797;1;p://www.hse.ru/org/persons/437342;перевод;0.000429523;2;;;;;;;
;Городнова;0.00030454;1;p://www.hse.ru/org/persons/6863353;конференция;0.000422393;4;;;;;;;
;Сибирцева;0.000267887;1;p://www.hse.ru/org/persons/201585;риск-менеджмент;0.000366051;2;;;;;;;
;Пелиновский;0.000263618;10;p://www.hse.ru/org/persons/25372803;литература;0.000353588;2;;;;;;;
;Михеева;0.000249196;3;p://www.hse.ru/org/persons/201844;управление;0.00035247;2;;;;;;;
;;;;;;;;;;;;;;
14;Название статьи;Локальная конечная базируемость и локальная представимость многообразий ассоциативных колец;;;;;;;;;;;;
;Автор;Белов;;Тематика;Математика;;;;;;;;;
;Ковтун;0.000476977;1;p://www.hse.ru/org/persons/140380;экономика;0.001185795;2;;;;;;;
;Романова;0.000440071;1;p://www.hse.ru/org/persons/34959567;право;0.001180561;2;;;;;;;
;Панченко;0.000413235;4;p://www.hse.ru/org/persons/201866;рынок;0.000651543;2;;;;;;;
;Вайсблат;0.000405118;2;p://www.hse.ru/org/persons/201761;развитие;0.000610936;4;;;;;;;
;Лапидус;0.000328989;2;p://www.hse.ru/org/persons/201704;риск-менеджмент;0.000541439;2;;;;;;;
;Гапонова;0.000269661;2;p://www.hse.ru/org/persons/24955025;образование;0.000472421;4;;;;;;;
;Сироткина;0.000265674;1;p://www.hse.ru/org/persons/201725;пособие;0.000437493;2;;;;;;;
;Захаров;0.000257118;1;p://www.hse.ru/org/persons/445221;язык;0.000398041;2;;;;;;;
;Пелиновский;0.00022878;10;p://www.hse.ru/org/persons/25372803;текст;0.000306834;2;;;;;;;
;Макарейко;0.00020801;2;p://www.hse.ru/org/persons/437342;образ;0.00028228;2;;;;;;;
;;;;;;;;;;;;;;
15;Название статьи; О стандартной гипотезе типа Лефшеца для комплексных проективных трехмерных многообразий;;;;;;;;;;;;
;Автор;Танкеев;;Тематика;Математика;;;;;;;;;
;Вайсблат;0.000650505;2;p://www.hse.ru/org/persons/201761;экономика;0.001386871;2;;;;;;;
;Ковтун;0.000481926;1;p://www.hse.ru/org/persons/140380;право;0.00103805;2;;;;;;;
;Романова;0.000368654;1;p://www.hse.ru/org/persons/34959567;производство;0.000690336;2;;;;;;;
;Панченко;0.000362339;4;p://www.hse.ru/org/persons/201866;промышленность;0.000629764;2;;;;;;;
;Голованова;0.000336395;1;p://www.hse.ru/org/persons/189995;рынок;0.000576779;2;;;;;;;
;Гапонова;0.00031166;1;p://www.hse.ru/org/persons/24955025;специализация;0.000571961;4;;;;;;;
;Захаров;0.000282817;1;p://www.hse.ru/org/persons/445221;развитие;0.000553335;4;;;;;;;
;Чистякова;0.000259056;10;p://www.hse.ru/org/persons/39055361;семья;0.000497818;2;;;;;;;
;Лапидус;0.000258195;3;p://www.hse.ru/org/persons/201704;текст;0.000497112;2;;;;;;;
;Зусман;0.000240095;1;p://www.hse.ru/org/persons/26487692;образ;0.000457332;2;;;;;;;
;;;;;;;;;;;;;;
16;Название статьи;О линейной независимости значений некоторых q-рядов;;;;;;;;;;;;
;Автор;;;Тематика;Математика;;;;;;;;;
;Панченко;0.000659922;3;p://www.hse.ru/org/persons/201866;право;0.002127636;2;;;;;;;
;Романова;0.000620804;1;p://www.hse.ru/org/persons/34959567;экономика;0.000819577;2;;;;;;;
;Макарейко;0.000489148;1;p://www.hse.ru/org/persons/437342;литература;0.000667942;2;;;;;;;
;Ковтун;0.000484635;1;p://www.hse.ru/org/persons/140380;перевод;0.000622839;2;;;;;;;
;Сибирцева;0.000433425;1;p://www.hse.ru/org/persons/201585;свобода;0.000592413;2;;;;;;;
;Вайсблат;0.000387313;2;p://www.hse.ru/org/persons/201761;текст;0.00055387;2;;;;;;;
;Михеева;0.000352051;2;p://www.hse.ru/org/persons/201844;модальность;0.000520556;2;;;;;;;
;Жужома;0.000307754;1;p://www.hse.ru/org/persons/46579220;образ;0.000509548;2;;;;;;;
;Тенилова;0.000293794;2;p://www.hse.ru/org/persons/13426671;рынок;0.000494263;2;;;;;;;
;Цветкова;0.000289401;1;p://www.hse.ru/org/persons/35038112;развитие;0.000485531;4;;;;;;;
;;;;;;;;;;;;;;
17;Название статьи;Вещественные четырехмерные биквадрики;;;;;;;;;;;;
;Автор;Краснов;;Тематика;Математика;;;;;;;;;
;Захаров;0.000580477;1;p://www.hse.ru/org/persons/445221;право;0.001395836;2;;;;;;;
;Городнова;0.000510939;1;p://www.hse.ru/org/persons/6863353;экономика;0.00098158;2;;;;;;;
;Цветкова;0.000391989;1;p://www.hse.ru/org/persons/35038112;управление;0.000606093;2;;;;;;;
;Панченко;0.000339898;1;p://www.hse.ru/org/persons/201866;текст;0.000468066;2;;;;;;;
;Лошкарева;0.000319976;1;p://www.hse.ru/org/persons/201832;рынок;0.000446251;2;;;;;;;
;Радина;0.000310796;1;p://www.hse.ru/org/persons/62303992;развитие;0.000435004;2;;;;;;;
;Россохин;0.000289995;1;p://www.hse.ru/org/persons/201940;образ;0.000430611;2;;;;;;;
;Чистяков;0.000288579;10;p://www.hse.ru/org/persons/190061;производство;0.00042008;2;;;;;;;
;Ковтун;0.000277971;1;p://www.hse.ru/org/persons/140380;безопасность;0.000397716;2;;;;;;;
;Седельникова;0.000276533;1;p://www.hse.ru/org/persons/201778;промышленность;0.000383221;2;;;;;;;
;;;;;;;;;;;;;;
18;Название статьи;Функциональные модели несамосопряженных операторов. сильно непрерывные полугруппы и матричные веса Макенхаупта;;;;;;;;;;;;
;Автор;Губреев. Латушкин;;Тематика;Математика;;;;;;;;;
;Романова;0.000552856;1;p://www.hse.ru/org/persons/34959567;право;0.001552264;2;;;;;;;
;Ковтун;0.000480244;1;p://www.hse.ru/org/persons/140380;экономика;0.001034429;2;;;;;;;
;Панченко;0.000478382;4;p://www.hse.ru/org/persons/201866;рынок;0.000628425;2;;;;;;;
;Вайсблат;0.00045414;2;p://www.hse.ru/org/persons/201761;развитие;0.000626438;2;;;;;;;
;Макарейко;0.000331418;2;p://www.hse.ru/org/persons/437342;текст;0.000544955;2;;;;;;;
;Сибирцева;0.000278661;1;p://www.hse.ru/org/persons/201585;образ;0.000501346;2;;;;;;;
;Лапидус;0.000267858;2;p://www.hse.ru/org/persons/201704;безопасность;0.000463048;2;;;;;;;
;Захаров;0.000263718;1;p://www.hse.ru/org/persons/445221;риск-менеджмент;0.000453727;2;;;;;;;
;Михеева;0.000253477;1;p://www.hse.ru/org/persons/201844;перевод;0.000437899;2;;;;;;;
;Пелиновский;0.00024402;10;p://www.hse.ru/org/persons/25372803;психология;0.000429441;2;;;;;;;
;;;;;;;;;;;;;;
19;Название статьи;Нормальные автоморфизмы свободных бернсайдовых групп;;;;;;;;;;;;
;Автор;Атабекян;;Тематика;Математика;;;;;;;;;
;Романова;0.000498588;1;p://www.hse.ru/org/persons/34959567;экономика;0.001602548;2;;;;;;;
;Ковтун;0.000408158;1;p://www.hse.ru/org/persons/140380;право;0.001140364;2;;;;;;;
;Панченко;0.000403814;4;p://www.hse.ru/org/persons/201866;рынок;0.000693174;2;;;;;;;
;Вайсблат;0.000400779;2;p://www.hse.ru/org/persons/201761;развитие;0.000643096;2;;;;;;;
;Макарейко;0.000249829;2;p://www.hse.ru/org/persons/437342;риск-менеджмент;0.000588704;2;;;;;;;
;Захаров;0.000240021;2;p://www.hse.ru/org/persons/445221;пособие;0.000475684;2;;;;;;;
;Михеева;0.000225296;1;p://www.hse.ru/org/persons/201844;юриспруденция;0.000468;2;;;;;;;
;Лапидус;0.000225211;2;p://www.hse.ru/org/persons/201704;бизнес-информатика;0.000421577;3;;;;;;;
;Удалова;0.000219055;2;p://www.hse.ru/org/persons/36170051;текст;0.000417843;1;;;;;;;
;Голованова;0.000206746;2;p://www.hse.ru/org/persons/189995;образование;0.000416954;4;;;;;;;
;;;;;;;;;;;;;;
20;Название статьи;О разрушении внутренних гравитационных волн с нелинейными источниками;;;;;;;;;;;;
;Автор;Корпусов;;Тематика;Математика;;;;;;;;;
;Романова;0.000578199;1;p://www.hse.ru/org/persons/34959567;право;0.00142996;2;;;;;;;
;Панченко;0.000516093;4;p://www.hse.ru/org/persons/201866;экономика;0.000883152;2;;;;;;;
;Вайсблат;0.000431272;2;p://www.hse.ru/org/persons/201761;текст;0.000485952;1;;;;;;;
;Лапидус;0.000399125;2;p://www.hse.ru/org/persons/201704;литература;0.000452566;1;;;;;;;
;Ковтун;0.000380914;1;p://www.hse.ru/org/persons/140380;образ;0.000447065;2;;;;;;;
;Макарейко;0.000359337;2;p://www.hse.ru/org/persons/437342;перевод;0.000419413;2;;;;;;;
;Сибирцева;0.00033956;1;p://www.hse.ru/org/persons/201585;математика;0.000419047;10;;;;;;;
;Пелиновский;0.000313429;10;p://www.hse.ru/org/persons/25372803;рынок;0.000415001;2;;;;;;;
;Михеева;0.000290653;2;p://www.hse.ru/org/persons/201844;безопасность;0.000412914;2;;;;;;;
;Цветкова;0.0002749;1;p://www.hse.ru/org/persons/35038112;развитие;0.000403197;2;;;;;;;
;;;;;;;;;;;;;;
21;Название статьи;Гармонический анализ на локальных полях и пространствах аделей;;;;;;;;;;;;
;Автор;Осипов. Паршин;;;;;;;;;;;;
;Романова;0.000534485;1;p://www.hse.ru/org/persons/34959567;право;0.001298822;2;;;;;;;
;Ковтун;0.000487513;1;p://www.hse.ru/org/persons/140380;экономика;0.001237571;2;;;;;;;
;Вайсблат;0.000457609;2;p://www.hse.ru/org/persons/201761;текст;0.000534001;2;;;;;;;
;Панченко;0.000391253;4;p://www.hse.ru/org/persons/201866;рынок;0.000498891;2;;;;;;;
;Лапидус;0.000292922;2;p://www.hse.ru/org/persons/201704;развитие;0.000491756;4;;;;;;;
;Захаров;0.000267456;2;p://www.hse.ru/org/persons/445221;образ;0.000491269;2;;;;;;;
;Макарейко;0.000249543;2;p://www.hse.ru/org/persons/437342;безопасность;0.000453741;2;;;;;;;
;Зусман;0.000231697;1;p://www.hse.ru/org/persons/26487692;психология;0.000420809;2;;;;;;;
;Цветкова;0.000221695;1;p://www.hse.ru/org/persons/35038112;дискурс;0.000397198;7;;;;;;;
;Радина;0.000205284;1;p://www.hse.ru/org/persons/62303992;риск-менеджмент;0.000370443;1;;;;;;;
;;;;;;;;;;;;;;
22;Название статьи;Об условиях обратимости разностных и дифференциальных операторов в весовых пространствах;;;;;;;;;;;;
;Автор;Бичегкуев;;;;;;;;;;;;
;Романова;0.000590057;1;p://www.hse.ru/org/persons/34959567;право;0.00147257;2;;;;;;;
;Вайсблат;0.000494717;2;p://www.hse.ru/org/persons/201761;экономика;0.000815872;2;;;;;;;
;Панченко;0.000487119;4;p://www.hse.ru/org/persons/201866;язык;0.000536569;2;;;;;;;
;Ковтун;0.000454178;1;p://www.hse.ru/org/persons/140380;текст;0.000507072;2;;;;;;;
;Макарейко;0.000314324;2;p://www.hse.ru/org/persons/437342;образ;0.000466495;2;;;;;;;
;Захаров;0.00030772;2;p://www.hse.ru/org/persons/445221;развитие;0.000446625;2;;;;;;;
;Городнова;0.000281502;2;p://www.hse.ru/org/persons/6863353;безопасность;0.000430859;2;;;;;;;
;Сибирцева;0.000252659;1;p://www.hse.ru/org/persons/201585;рынок;0.000415796;2;;;;;;;
;Михеева;0.000242182;1;p://www.hse.ru/org/persons/201844;психология;0.000399588;1;;;;;;;
;Сироткина;0.000238931;1;p://www.hse.ru/org/persons/201725;дискурс;0.000377168;7;;;;;;;
;;;;;;;;;;;;;;
23;Название статьи;Математические основы теории производства-потребления: определение вида. структуры и параметров моделей;;;;;;;;;;;;
;Автор;Ивлев;;;;;;;;;;;;
;Панченко;0.00049402;4;p://www.hse.ru/org/persons/201866;экономика;0.001434826;2;;;;;;;
;Вайсблат;0.000419368;2;p://www.hse.ru/org/persons/201761;право;0.001327533;2;;;;;;;
;Романова;0.000412739;1;p://www.hse.ru/org/persons/34959567;рынок;0.000713197;2;;;;;;;
;Гапонова;0.000324855;2;p://www.hse.ru/org/persons/24955025;риск-менеджмент;0.000708812;2;;;;;;;
;Захаров;0.000311016;2;p://www.hse.ru/org/persons/445221;развитие;0.000605712;2;;;;;;;
;Миркин;0.000309902;10;p://www.hse.ru/org/persons/3954058;пособие;0.000572733;3;;;;;;;
;Ковтун;0.000305345;1;p://www.hse.ru/org/persons/140380;образование;0.00050202;4;;;;;;;
;Михеева;0.000302949;2;p://www.hse.ru/org/persons/201844;производство;0.000474587;2;;;;;;;
;Сибирцева;0.000300317;1;p://www.hse.ru/org/persons/201585;промышленность;0.000432945;3;;;;;;;
;Макарейко;0.000291674;2;p://www.hse.ru/org/persons/437342;литература;0.000410097;1;;;;;;;
;;;;;;;;;;;;;;
24;Название статьи;Имитационное моделирование организации массовых мероприятий (на примере XXII зимних Oлимпийских игр 2014);;;;;;;;;;;;
;Автор;Абросимов. Лебидько;;Моделирование систем/Социология/Экономика;;;;;;;;;;
;Панченко;0.000460212;1;p://www.hse.ru/org/persons/201866;экономика;0.001402396;7;;;;;;;
;Ковтун;0.000395986;1;p://www.hse.ru/org/persons/140380;право;0.001244752;3;;;;;;;
;Лапидус;0.000370661;8;p://www.hse.ru/org/persons/201704;рынок;0.000734638;7;;;;;;;
;Романова;0.000366176;1;p://www.hse.ru/org/persons/34959567;развитие;0.00069087;2;;;;;;;
;Вайсблат;0.000352905;8;p://www.hse.ru/org/persons/201761;риск-менеджмент;0.000606773;7;;;;;;;
;Захаров;0.000277;8;p://www.hse.ru/org/persons/445221;пособие;0.000490284;1;;;;;;;
;Макарейко;0.000254849;8;p://www.hse.ru/org/persons/437342;образование;0.000453353;1;;;;;;;
;Цветкова;0.000236069;1;p://www.hse.ru/org/persons/35038112;управление;0.000355722;8;;;;;;;
;Михеева;0.000229074;1;p://www.hse.ru/org/persons/201844;литература;0.000269834;1;;;;;;;
;Гапонова;0.000226627;8;p://www.hse.ru/org/persons/24955025;перевод;0.000267598;1;;;;;;;
;;;;;;;;;;;;;;
25;Название статьи;О решении проблемы выборки малого размера при использовании линейного дискриминантного анализа в задачах распознавания лиц;;;;;;;;;;;;
;Автор;Мокеев. Томилов;;Тематика;Математика/Информатика;;;;;;;;;
;Лапидус;0.000400033;2;p://www.hse.ru/org/persons/201704;экономика;0.001442116;1;;;;;;;
;Романова;0.000365847;1;p://www.hse.ru/org/persons/34959567;рынок;0.000882661;1;;;;;;;
;Колданов;0.000347983;10;p://www.hse.ru/org/persons/13428988;риск-менеджмент;0.000871991;1;;;;;;;
;Пелиновский;0.000333272;8;p://www.hse.ru/org/persons/25372803;право;0.000762283;1;;;;;;;
;Панченко;0.000325332;7;p://www.hse.ru/org/persons/201866;развитие;0.000752481;4;;;;;;;
;Удалова;0.000313619;1;p://www.hse.ru/org/persons/36170051;пособие;0.000704585;1;;;;;;;
;Ковтун;0.000298001;1;p://www.hse.ru/org/persons/140380;образование;0.000617593;1;;;;;;;
;Захаров;0.000291495;1;p://www.hse.ru/org/persons/445221;математика;0.000497204;8;;;;;;;
;Вайсблат;0.000274432;1;p://www.hse.ru/org/persons/201761;предпринимательство;0.000358051;1;;;;;;;
;Кирюшин;0.00026783;1;p://www.hse.ru/org/persons/10633269;функция;0.000357785;8;;;;;;;
;;;;;;;;;;;;;;
26;Название статьи;Алгоритмы формирования спектрального представления звукового сигнала на основе U-преобразования;;;;;;;;;;;;
;Автор;Гай;;Тематика;Математика;;;;;;;;;
;Вайсблат;0.000479925;2;p://www.hse.ru/org/persons/201761;экономика;0.001170664;2;;;;;;;
;Ковтун;0.000442149;1;p://www.hse.ru/org/persons/140380;право;0.001068474;2;;;;;;;
;Романова;0.000407989;1;p://www.hse.ru/org/persons/34959567;рынок;0.000610579;2;;;;;;;
;Лапидус;0.000372101;2;p://www.hse.ru/org/persons/201704;риск-менеджмент;0.000554178;2;;;;;;;
;Панченко;0.000357786;7;p://www.hse.ru/org/persons/201866;развитие;0.000547134;2;;;;;;;
;Пелиновский;0.000326015;10;p://www.hse.ru/org/persons/25372803;текст;0.00054269;2;;;;;;;
;Михеева;0.000225162;2;p://www.hse.ru/org/persons/201844;образ;0.000499262;2;;;;;;;
;Захаров;0.000222719;2;p://www.hse.ru/org/persons/445221;безопасность;0.000461124;2;;;;;;;
;Удалова;0.000222036;2;p://www.hse.ru/org/persons/36170051;пособие;0.000447786;2;;;;;;;
;Макарейко;0.000220042;2;p://www.hse.ru/org/persons/437342;математика;0.000435595;10;;;;;;;
;;;;;;;;;;;;;;
27;Название статьи;Надежное обнаружение плагиата малым числом поисковых запросов;;;;;;;;;;;;
;Автор;Дягилев. Цхай. Бутаков;;Тематика;Информатика;;;;;;;;;
;Романова;0.000541725;3;p://www.hse.ru/org/persons/34959567;право;0.001308636;1;;;;;;;
;Ковтун;0.000486657;1;p://www.hse.ru/org/persons/140380;экономика;0.001216078;1;;;;;;;
;Панченко;0.00042429;10;p://www.hse.ru/org/persons/201866;рынок;0.000678806;1;;;;;;;
;Вайсблат;0.000330834;2;p://www.hse.ru/org/persons/201761;развитие;0.000613134;4;;;;;;;
;Макарейко;0.000246152;2;p://www.hse.ru/org/persons/437342;риск-менеджмент;0.000607143;1;;;;;;;
;Гапонова;0.000241348;2;p://www.hse.ru/org/persons/24955025;пособие;0.000490583;1;;;;;;;
;Лапидус;0.000237837;2;p://www.hse.ru/org/persons/201704;образование;0.00046231;1;;;;;;;
;Захаров;0.000229115;2;p://www.hse.ru/org/persons/445221;текст;0.000375399;7;;;;;;;
;Удалова;0.000223278;2;p://www.hse.ru/org/persons/36170051;язык;0.000374921;7;;;;;;;
;Михеева;0.000217196;2;p://www.hse.ru/org/persons/201844;образ;0.000345359;1;;;;;;;
;;;;;;;;;;;;;;
28;Название статьи;Измерение уровня зрелости профессионального сообщества;;;;;;;;;;;;
;Автор;Краснов. Яворский;;Тематика;Информатика/Менеджмент;;;;;;;;;
;Ковтун;0.000450209;1;p://www.hse.ru/org/persons/140380;экономика;0.001340367;1;;;;;;;
;Вайсблат;0.000363926;7;p://www.hse.ru/org/persons/201761;право;0.000986553;1;;;;;;;
;Панченко;0.000305921;5;p://www.hse.ru/org/persons/201866;рынок;0.000599639;5;;;;;;;
;Романова;0.000294329;1;p://www.hse.ru/org/persons/34959567;развитие;0.00058051;6;;;;;;;
;Миркин;0.00028142;7;p://www.hse.ru/org/persons/3954058;управление;0.000475064;4;;;;;;;
;Гапонова;0.000276886;7;p://www.hse.ru/org/persons/24955025;риск-менеджмент;0.000464694;1;;;;;;;
;Захаров;0.000275495;7;p://www.hse.ru/org/persons/445221;конференция;0.000461998;5;;;;;;;
;Тенилова;0.000249898;7;p://www.hse.ru/org/persons/13426671;пособие;0.000375482;1;;;;;;;
;Городнова;0.000242292;7;p://www.hse.ru/org/persons/6863353;образование;0.000371854;8;;;;;;;
;Зусман;0.000236598;1;p://www.hse.ru/org/persons/26487692;бизнес-процесс;0.000342156;5;;;;;;;
;;;;;;;;;;;;;;
29;Название статьи;Применение современных информационных технологий для анализа пространственно распределенных социально-экономических данных;;;;;;;;;;;;
;Автор;Латышев. Сидоренко;;Тематика;Информатика/Математика/Экономика/Социология;;;;;;;;;
;Романова;0.00041319;1;p://www.hse.ru/org/persons/34959567;экономика;0.001528258;7;;;;;;;
;Вайсблат;0.000409205;5;p://www.hse.ru/org/persons/201761;право;0.001151212;7;;;;;;;
;Панченко;0.000394306;7;p://www.hse.ru/org/persons/201866;рынок;0.000890346;5;;;;;;;
;Ковтун;0.000365651;1;p://www.hse.ru/org/persons/140380;развитие;0.000862199;5;;;;;;;
;Захаров;0.000321033;6;p://www.hse.ru/org/persons/445221;риск-менеджмент;0.000689508;1;;;;;;;
;Лапидус;0.000270779;6;p://www.hse.ru/org/persons/201704;пособие;0.000557136;1;;;;;;;
;Кирюшин;0.000247733;6;p://www.hse.ru/org/persons/10633269;управление;0.000522383;7;;;;;;;
;Макарейко;0.000247479;6;p://www.hse.ru/org/persons/437342;образование;0.000518067;1;;;;;;;
;Удалова;0.000246815;6;p://www.hse.ru/org/persons/36170051;перевод;0.000313569;1;;;;;;;
;Гапонова;0.000246553;5;p://www.hse.ru/org/persons/24955025;персонал;0.000254285;1;;;;;;;
;;;;;;;;;;;;;;
30;Название статьи; Об одном методе классификации визуальных моделей;;;;;;;;;;;;
;Автор;Гаврилова. Кудрявцев. Лещева. Павлов;;Тематика;Моделирование/Информатика;;;;;;;;;
;Романова;0.000438986;1;p://www.hse.ru/org/persons/34959567;экономика;0.00141509;2;;;;;;;
;Вайсблат;0.000432041;4;p://www.hse.ru/org/persons/201761;право;0.001205788;2;;;;;;;
;Панченко;0.000389784;7;p://www.hse.ru/org/persons/201866;рынок;0.000854619;2;;;;;;;
;Ковтун;0.000383021;1;p://www.hse.ru/org/persons/140380;развитие;0.000847565;4;;;;;;;
;Захаров;0.000362082;4;p://www.hse.ru/org/persons/445221;риск-менеджмент;0.000625059;2;;;;;;;
;Лапидус;0.000268765;4;p://www.hse.ru/org/persons/201704;пособие;0.00050506;2;;;;;;;
;Макарейко;0.000259794;4;p://www.hse.ru/org/persons/437342;управление;0.000491765;2;;;;;;;
;Пелиновский;0.00024936;6;p://www.hse.ru/org/persons/25372803;образование;0.000442702;2;;;;;;;
;Гапонова;0.000248445;4;p://www.hse.ru/org/persons/24955025;перевод;0.000308123;2;;;;;;;
;Миркин;0.000233322;8;p://www.hse.ru/org/persons/3954058;текст;0.000303805;2;;;;;;;
